Subject,Task,delta_cf,delta_pw,theta_cf,theta_pw,alpha_cf,alpha_pw,beta_cf,beta_pw,aperiodic_exponent
NDARAC904DMU,Eyes Open,2.5694160952925635,0.32966432664072504,6.574310498907108,0.24577838701910365,11.306112562517807,0.33891431536048094,14.412221620856036,0.44097519655995737,2.2085249042744257
NDARAC904DMU,Eyes Closed,1.9938235513267275,0.3432886461909036,5.421853623931421,0.23990319780776853,11.498780742488357,0.4095665672534234,22.13553780564363,0.32075252847587576,2.0447799239785485
NDARAM704GKZ,Eyes Open,,,6.794156242905155,0.23749361281656647,10.051970292220787,0.5896888013121074,16.621598178463767,0.5661405223943105,1.8813392896935093
NDARAM704GKZ,Eyes Closed,,,5.84521864474842,0.26419547836133744,10.072500801527834,0.9598666907744697,17.343930077852118,0.6441833385164062,1.7049717657471906
NDARAP359UM6,Eyes Open,,,,,,,29.12072114737051,0.5649502355037427,2.723107532529497
NDARAP359UM6,Eyes Closed,,,,,8.98652990079306,0.7394566451350713,13.467931731435465,0.8110074243351809,2.9416673758035956
NDARBD879MBX,Eyes Open,,,4.191800602381781,0.38748966054774475,9.82094048444372,0.516478024624592,14.478538895090349,0.362903932591853,2.088287720447088
NDARBD879MBX,Eyes Closed,1.5000000000018354,0.2659225631054758,,,9.778224669427072,0.8104736316653385,19.382983674067834,0.22615325681419207,2.1659400811733223
NDARBH024NH2,Eyes Open,,,6.52956674542339,0.25506689693680007,10.0538243426281,0.29738725012209705,29.219353614275015,0.49465114296246515,2.353835243305236
NDARBH024NH2,Eyes Closed,3.4214340307282054,0.21637777319597795,7.907375884939768,0.36586111673751986,11.120405464915464,0.2842844539526242,25.99748290736855,0.40604096434952924,2.6948076520133712
NDARBK082PDD,Eyes Open,,,4.934396938727423,0.2732251811293107,9.798968679652955,0.29879593951202776,24.265957218536613,0.30506884383849897,2.434012723755919
NDARBK082PDD,Eyes Closed,3.9584119205127246,0.09958461775215177,5.4284019815741775,0.21191225338728756,10.82639713658365,0.27371154767920275,12.705885723541389,0.24818864110042932,2.475017664331443
NDARCA153NKE,Eyes Open,,,6.770634081585972,0.5005364518513474,11.48608083343606,0.5213050843570629,29.254159868920475,0.5954218760131832,2.7892601938447537
NDARCA153NKE,Eyes Closed,,,7.186044481372262,0.3332739460151991,10.361439008927807,0.4042885541780826,29.57782362689077,0.3630336089531768,2.4414868207018703
NDARCE721YB5,Eyes Open,2.38992375016249,0.43076530544037933,5.832344463803273,0.34666215592996685,,,18.845033478904124,0.08067532757497808,1.316405024664927
NDARCE721YB5,Eyes Closed,2.8343348202683987,0.19153508572301003,6.328029534703041,0.2564861008251869,11.571243198436523,0.3088932406017634,21.189512407485637,0.20831980437129544,2.2022814005076112
NDARCJ594BWQ,Eyes Open,3.7975175151094906,0.10938353213136232,4.136535879825449,0.09885724502048099,,,20.090864571837706,0.2685674712297734,2.5474725066503985
NDARCJ594BWQ,Eyes Closed,,,,,10.074926925697913,0.35043669137315964,21.7635860810818,0.2472851061585933,2.339305221251867
NDARCN669XPR,Eyes Open,2.595223962116666,0.2324234896102141,4.459531638972041,0.24883961689823586,9.568731092111467,0.36415457887714897,19.140098482317935,0.31976119865234054,2.39732143663902
NDARCN669XPR,Eyes Closed,,,6.569010489882021,0.2178541378176618,9.83125741373094,1.0677625461752975,18.31269107966615,0.24689048038055894,2.239804650611907
NDARCW094JCG,Eyes Open,3.288951620050171,0.23040437191468932,6.487601910521974,0.3497498121432585,11.334309186589534,0.6078644826623307,12.631876841697242,0.3871705835244974,2.9954613813177753
NDARCW094JCG,Eyes Closed,3.472264122926514,0.20076674465123467,7.0755981973216695,0.2493952864313652,10.56188254865293,0.345505849829849,15.770457464861355,0.2569949255248403,2.4567440288339513
NDARCZ947WU5,Eyes Open,2.1785564646495286,0.16069166435853965,7.223803484977332,0.24146078683724306,9.536584889637814,0.8103277761754523,15.4634288410447,0.2835108626257282,1.7569359669031255
NDARCZ947WU5,Eyes Closed,,,5.644530627644221,0.1435060647773414,9.789490511454915,0.3003976171311226,14.967784707338865,0.2209780398948256,2.5444947502844726
NDARDH670PXH,Eyes Open,3.4224400037893865,0.11020431469396286,6.775304163101037,0.167854814761081,8.824840050312265,0.227293099237364,17.585153416679685,0.2574329655232782,1.6161800799401331
NDARDH670PXH,Eyes Closed,3.9483601754673976,0.12166470378768679,4.4175077778716485,0.16748027157697068,9.253182256079569,0.2546721434644331,20.52354212641532,0.2235563880729261,1.35602834588519
NDARDL511UND,Eyes Open,1.250000000007923,0.2078519805246417,5.580143510480116,0.2089314291680857,10.036877826865684,0.9838659611696345,16.233541783785377,0.20033293290233414,1.7991059189512015
NDARDL511UND,Eyes Closed,,,7.9023863953401206,0.5531294689889071,10.154746277639893,1.6889564101764563,12.208398874418288,0.2384245356293233,1.8175432741865158
NDARDU986RBM,Eyes Open,2.9509026492244432,0.16289650198789044,6.11512955123554,0.22786822402573417,10.8950354913286,0.1988483382711538,25.385133252045573,0.24454492880995993,1.4690961074344384
NDARDU986RBM,Eyes Closed,3.161627679308755,0.20168001017816195,7.871194514616046,0.6136956668027302,10.575322483606508,0.28766987920774323,17.585389961277933,0.17242798300609774,1.5808513946603617
NDAREM731BYM,Eyes Open,3.462045285455985,0.2158663938213104,7.376002959360051,0.23491448865969938,10.540474579578282,0.26618374474842454,21.58198370542404,0.1526208283105996,1.4042972190975376
NDAREM731BYM,Eyes Closed,1.7603400004362286,0.2870676775418207,4.845132776824656,0.2396211800710363,9.499999999999998,0.2057350124114592,19.716094266385777,0.1559484467450767,1.6686799021528806
NDAREN519BLJ,Eyes Open,,,7.417387701979358,0.198409993916216,10.923486335568908,0.1974246781188766,28.169186160345618,0.381042112179828,2.310796226157894
NDAREN519BLJ,Eyes Closed,,,,,10.663760194443883,0.33551332515168325,22.850511548666397,0.38607462062832026,2.137411225120052
NDARFK610GY5,Eyes Open,,,4.168526701343952,0.45586006476206664,9.84393696442665,0.32779451711183805,29.999999999999993,0.5507911138366438,2.490908916283085
NDARFK610GY5,Eyes Closed,,,5.884201849554009,0.2467416791954511,8.17736386471832,0.48501793175257,14.118820301828361,0.4366768366008259,2.739143815759255
NDARFT581ZW5,Eyes Open,3.931618741480225,0.2075226718113825,,,9.46650725782714,0.36214640519532026,16.199390715911186,0.351685458039017,1.9691134026245518
NDARFT581ZW5,Eyes Closed,1.5076660701942004,0.2412959470572016,5.784489912484212,0.18602497070699223,10.03160359838619,0.16692178905123214,20.629571252492845,0.19857551226681097,2.0275130740565555
NDARFW972KFQ,Eyes Open,2.5000000000000004,0.3034357222751165,,,10.25983331074973,0.6963229485083303,22.488847289709945,0.2683870357433163,2.018071378361458
NDARFW972KFQ,Eyes Closed,,,7.864423058737857,0.39109469844360234,9.982192353265734,1.4200145592744302,20.47047367918139,0.38633687560872393,1.933446578709709
